"","cluster","Scientific_Name","n_sites","prop_sites"
"1",1,"Oncorhynchus clarkii",26,0.530612244897959
"2",1,"Salvelinus confluentus",18,0.36734693877551
"3",1,"Rhinichthys cataractae",10,0.204081632653061
"4",1,"Rhinichthys osculus",9,0.183673469387755
"5",1,"Prosopium williamsoni",8,0.163265306122449
"6",1,"Cottus bairdii",7,0.142857142857143
"7",1,"Catostomus commersonii",6,0.122448979591837
"8",1,"Catostomus discobolus",5,0.102040816326531
"9",1,"Catostomus macrocheilus",5,0.102040816326531
"10",1,"Culaea inconstans",4,0.0816326530612245
"11",1,"Ictalurus punctatus",4,0.0816326530612245
"12",1,"Semotilus atromaculatus",4,0.0816326530612245
"13",1,"Oncorhynchus mykiss",3,0.0612244897959184
"14",1,"Salvelinus fontinalis",3,0.0612244897959184
"15",1,"Agosia chrysogaster",2,0.0408163265306122
"16",1,"Catostomus catostomus",2,0.0408163265306122
"17",1,"Catostomus latipinnis",2,0.0408163265306122
"18",1,"Catostomus platyrhynchus",2,0.0408163265306122
"19",1,"Cottus perplexus",2,0.0408163265306122
"20",1,"Cottus rhotheus",2,0.0408163265306122
"21",1,"Dorosoma cepedianum",2,0.0408163265306122
"22",1,"Esox americanus",2,0.0408163265306122
"23",1,"Lepomis macrochirus",2,0.0408163265306122
"24",1,"Luxilus cornutus",2,0.0408163265306122
"25",1,"Micropterus salmoides",2,0.0408163265306122
"26",1,"Notemigonus crysoleucas",2,0.0408163265306122
"27",1,"Oncorhynchus kisutch",2,0.0408163265306122
"28",1,"Pimephales promelas",2,0.0408163265306122
"29",1,"Ameiurus melas",1,0.0204081632653061
"30",1,"Ameiurus nebulosus",1,0.0204081632653061
"31",1,"Anguilla rostrata",1,0.0204081632653061
"32",1,"Aphredoderus sayanus",1,0.0204081632653061
"33",1,"Campostoma anomalum",1,0.0204081632653061
"34",1,"Carpiodes carpio",1,0.0204081632653061
"35",1,"Catostomus clarkii",1,0.0204081632653061
"36",1,"Catostomus insignis",1,0.0204081632653061
"37",1,"Cottus aleuticus",1,0.0204081632653061
"38",1,"Cottus cognatus",1,0.0204081632653061
"39",1,"Erimyzon oblongus",1,0.0204081632653061
"40",1,"Esox niger",1,0.0204081632653061
"41",1,"Etheostoma chlorosoma",1,0.0204081632653061
"42",1,"Etheostoma fusiforme",1,0.0204081632653061
"43",1,"Exoglossum maxillingua",1,0.0204081632653061
"44",1,"Hybognathus placitus",1,0.0204081632653061
"45",1,"Hypentelium nigricans",1,0.0204081632653061
"46",1,"Lepisosteus oculatus",1,0.0204081632653061
"47",1,"Lepomis gulosus",1,0.0204081632653061
"48",1,"Lepomis humilis",1,0.0204081632653061
"49",1,"Lepomis megalotis",1,0.0204081632653061
"50",1,"Lepomis microlophus",1,0.0204081632653061
"51",1,"Lethenteron appendix",1,0.0204081632653061
"52",1,"Meda fulgida",1,0.0204081632653061
"53",1,"Nocomis micropogon",1,0.0204081632653061
"54",1,"Notropis stramineus",1,0.0204081632653061
"55",1,"Noturus flavus",1,0.0204081632653061
"56",1,"Noturus insignis",1,0.0204081632653061
"57",1,"Oncorhynchus gilae",1,0.0204081632653061
"58",1,"Pimephales notatus",1,0.0204081632653061
"59",1,"Platygobio gracilis",1,0.0204081632653061
"60",1,"Pomoxis annularis",1,0.0204081632653061
"61",1,"Pomoxis nigromaculatus",1,0.0204081632653061
"62",1,"Ptychocheilus oregonensis",1,0.0204081632653061
"63",1,"Rhinichthys atratulus",1,0.0204081632653061
"64",1,"Rhinichthys cobitis",1,0.0204081632653061
"65",1,"Rhinichthys obtusus",1,0.0204081632653061
"66",1,"Richardsonius balteatus",1,0.0204081632653061
"67",1,"Umbra limi",1,0.0204081632653061
"68",2,"Oncorhynchus clarkii",29,1
"69",2,"Salvelinus confluentus",29,1
"70",3,"Oncorhynchus mykiss",22,0.44
"71",3,"Rhinichthys osculus",18,0.36
"72",3,"Oncorhynchus clarkii",17,0.34
"73",3,"Salvelinus fontinalis",7,0.14
"74",3,"Cottus perplexus",5,0.1
"75",3,"Oncorhynchus kisutch",5,0.1
"76",3,"Catostomus occidentalis",4,0.08
"77",3,"Cottus bairdii",4,0.08
"78",3,"Cottus gulosus",4,0.08
"79",3,"Rhinichthys atratulus",4,0.08
"80",3,"Catostomus plebeius",3,0.06
"81",3,"Cottus sp. Rocky Mountain Sculpin",3,0.06
"82",3,"Rhinichthys cataractae",3,0.06
"83",3,"Semotilus atromaculatus",3,0.06
"84",3,"Catostomus platyrhynchus",2,0.04
"85",3,"Catostomus rimiculus",2,0.04
"86",3,"Catostomus santaanae",2,0.04
"87",3,"Cottus rhotheus",2,0.04
"88",3,"Gila orcuttii",2,0.04
"89",3,"Oncorhynchus aguabonita",2,0.04
"90",3,"Oncorhynchus gilae",2,0.04
"91",3,"Campostoma anomalum",1,0.02
"92",3,"Catostomus commersonii",1,0.02
"93",3,"Cottus aleuticus",1,0.02
"94",3,"Cottus beldingii",1,0.02
"95",3,"Cottus cognatus",1,0.02
"96",3,"Cottus confusus",1,0.02
"97",3,"Etheostoma flabellare",1,0.02
"98",3,"Etheostoma radiosum",1,0.02
"99",3,"Hesperoleucus symmetricus",1,0.02
"100",3,"Prosopium williamsoni",1,0.02
"101",3,"Richardsonius balteatus",1,0.02
"102",4,"Semotilus atromaculatus",54,0.504672897196262
"103",4,"Lepomis cyanellus",48,0.448598130841121
"104",4,"Lepomis macrochirus",44,0.411214953271028
"105",4,"Campostoma anomalum",36,0.336448598130841
"106",4,"Micropterus salmoides",35,0.327102803738318
"107",4,"Catostomus commersonii",31,0.289719626168224
"108",4,"Notropis stramineus",29,0.271028037383178
"109",4,"Pimephales promelas",29,0.271028037383178
"110",4,"Ameiurus natalis",24,0.224299065420561
"111",4,"Lepomis megalotis",24,0.224299065420561
"112",4,"Notropis dorsalis",23,0.214953271028037
"113",4,"Rhinichthys obtusus",23,0.214953271028037
"114",4,"Pimephales notatus",22,0.205607476635514
"115",4,"Etheostoma nigrum",20,0.186915887850467
"116",4,"Aphredoderus sayanus",18,0.168224299065421
"117",4,"Lepomis gulosus",18,0.168224299065421
"118",4,"Luxilus cornutus",17,0.158878504672897
"119",4,"Cyprinella lutrensis",15,0.14018691588785
"120",4,"Esox americanus",15,0.14018691588785
"121",4,"Ameiurus melas",13,0.121495327102804
"122",4,"Gambusia affinis",13,0.121495327102804
"123",4,"Lepomis marginatus",11,0.102803738317757
"124",4,"Etheostoma spectabile",10,0.0934579439252336
"125",4,"Lepomis auritus",10,0.0934579439252336
"126",4,"Noturus flavus",10,0.0934579439252336
"127",4,"Chrosomus erythrogaster",9,0.0841121495327103
"128",4,"Erimyzon oblongus",9,0.0841121495327103
"129",4,"Etheostoma flabellare",9,0.0841121495327103
"130",4,"Gambusia holbrooki",9,0.0841121495327103
"131",4,"Notemigonus crysoleucas",9,0.0841121495327103
"132",4,"Noturus gyrinus",9,0.0841121495327103
"133",4,"Etheostoma olmstedi",8,0.0747663551401869
"134",4,"Hybognathus hankinsoni",8,0.0747663551401869
"135",4,"Acantharchus pomotis",7,0.0654205607476635
"136",4,"Etheostoma gracile",7,0.0654205607476635
"137",4,"Fundulus olivaceus",7,0.0654205607476635
"138",4,"Hypentelium nigricans",7,0.0654205607476635
"139",4,"Culaea inconstans",6,0.0560747663551402
"140",4,"Elassoma zonatum",6,0.0560747663551402
"141",4,"Esox lucius",6,0.0560747663551402
"142",4,"Etheostoma exile",6,0.0560747663551402
"143",4,"Lepomis punctatus",6,0.0560747663551402
"144",4,"Notropis cummingsae",6,0.0560747663551402
"145",4,"Noturus insignis",6,0.0560747663551402
"146",4,"Percina nigrofasciata",6,0.0560747663551402
"147",4,"Rhinichthys cataractae",6,0.0560747663551402
"148",4,"Umbra limi",6,0.0560747663551402
"149",4,"Dorosoma cepedianum",5,0.0467289719626168
"150",4,"Esox niger",5,0.0467289719626168
"151",4,"Ictalurus punctatus",5,0.0467289719626168
"152",4,"Lepisosteus oculatus",5,0.0467289719626168
"153",4,"Lepomis humilis",5,0.0467289719626168
"154",4,"Minytrema melanops",5,0.0467289719626168
"155",4,"Nocomis leptocephalus",5,0.0467289719626168
"156",4,"Notropis boops",5,0.0467289719626168
"157",4,"Perca flavescens",5,0.0467289719626168
"158",4,"Percina caprodes",5,0.0467289719626168
"159",4,"Rhinichthys osculus",5,0.0467289719626168
"160",4,"Ambloplites rupestris",4,0.0373831775700935
"161",4,"Anguilla rostrata",4,0.0373831775700935
"162",4,"Cottus carolinae",4,0.0373831775700935
"163",4,"Enneacanthus gloriosus",4,0.0373831775700935
"164",4,"Erimyzon claviformis",4,0.0373831775700935
"165",4,"Etheostoma blennioides",4,0.0373831775700935
"166",4,"Etheostoma radiosum",4,0.0373831775700935
"167",4,"Etheostoma whipplei",4,0.0373831775700935
"168",4,"Fundulus notatus",4,0.0373831775700935
"169",4,"Lepomis microlophus",4,0.0373831775700935
"170",4,"Micropterus dolomieu",4,0.0373831775700935
"171",4,"Notropis lutipinnis",4,0.0373831775700935
"172",4,"Phenacobius mirabilis",4,0.0373831775700935
"173",4,"Pylodictis olivaris",4,0.0373831775700935
"174",4,"Umbra pygmaea",4,0.0373831775700935
"175",4,"Ameiurus brunneus",3,0.0280373831775701
"176",4,"Campostoma oligolepis",3,0.0280373831775701
"177",4,"Carpiodes carpio",3,0.0280373831775701
"178",4,"Catostomus clarkii",3,0.0280373831775701
"179",4,"Catostomus discobolus",3,0.0280373831775701
"180",4,"Centrarchus macropterus",3,0.0280373831775701
"181",4,"Cottus bairdii",3,0.0280373831775701
"182",4,"Cyprinella callistia",3,0.0280373831775701
"183",4,"Cyprinella venusta",3,0.0280373831775701
"184",4,"Etheostoma caeruleum",3,0.0280373831775701
"185",4,"Etheostoma mihileze",3,0.0280373831775701
"186",4,"Etheostoma zonale",3,0.0280373831775701
"187",4,"Labidesthes sicculus",3,0.0280373831775701
"188",4,"Lepomis miniatus",3,0.0280373831775701
"189",4,"Moxostoma erythrurum",3,0.0280373831775701
"190",4,"Moxostoma macrolepidotum",3,0.0280373831775701
"191",4,"Nocomis biguttatus",3,0.0280373831775701
"192",4,"Noturus exilis",3,0.0280373831775701
"193",4,"Percina maculata",3,0.0280373831775701
"194",4,"Platygobio gracilis",3,0.0280373831775701
"195",4,"Amia calva",2,0.0186915887850467
"196",4,"Cyprinella spiloptera",2,0.0186915887850467
"197",4,"Cyprinella whipplei",2,0.0186915887850467
"198",4,"Erimyzon sucetta",2,0.0186915887850467
"199",4,"Etheostoma hopkinsi",2,0.0186915887850467
"200",4,"Etheostoma inscriptum",2,0.0186915887850467
"201",4,"Etheostoma serrifer",2,0.0186915887850467
"202",4,"Etheostoma variatum",2,0.0186915887850467
"203",4,"Fundulus chrysotus",2,0.0186915887850467
"204",4,"Fundulus sciadicus",2,0.0186915887850467
"205",4,"Hybognathus placitus",2,0.0186915887850467
"206",4,"Ictalurus lupus",2,0.0186915887850467
"207",4,"Luxilus cardinalis",2,0.0186915887850467
"208",4,"Luxilus chrysocephalus",2,0.0186915887850467
"209",4,"Margariscus nachtriebi",2,0.0186915887850467
"210",4,"Micropterus punctulatus",2,0.0186915887850467
"211",4,"Nocomis asper",2,0.0186915887850467
"212",4,"Notropis buccatus",2,0.0186915887850467
"213",4,"Notropis petersoni",2,0.0186915887850467
"214",4,"Noturus leptacanthus",2,0.0186915887850467
"215",4,"Pimephales vigilax",2,0.0186915887850467
"216",4,"Pomoxis annularis",2,0.0186915887850467
"217",4,"Agosia chrysogaster",1,0.00934579439252336
"218",4,"Ameiurus nebulosus",1,0.00934579439252336
"219",4,"Ameiurus platycephalus",1,0.00934579439252336
"220",4,"Ammocrypta beanii",1,0.00934579439252336
"221",4,"Campostoma spadiceum",1,0.00934579439252336
"222",4,"Carpiodes cyprinus",1,0.00934579439252336
"223",4,"Catostomus insignis",1,0.00934579439252336
"224",4,"Catostomus plebeius",1,0.00934579439252336
"225",4,"Chrosomus eos",1,0.00934579439252336
"226",4,"Cyprinella nivea",1,0.00934579439252336
"227",4,"Cyprinella proserpina",1,0.00934579439252336
"228",4,"Cyprinella trichroistia",1,0.00934579439252336
"229",4,"Dionda diaboli",1,0.00934579439252336
"230",4,"Elassoma okefenokee",1,0.00934579439252336
"231",4,"Enneacanthus chaetodon",1,0.00934579439252336
"232",4,"Etheostoma artesiae",1,0.00934579439252336
"233",4,"Etheostoma baileyi",1,0.00934579439252336
"234",4,"Etheostoma camurum",1,0.00934579439252336
"235",4,"Etheostoma coosae",1,0.00934579439252336
"236",4,"Etheostoma fricksium",1,0.00934579439252336
"237",4,"Etheostoma jordani",1,0.00934579439252336
"238",4,"Etheostoma mariae",1,0.00934579439252336
"239",4,"Etheostoma oophylax",1,0.00934579439252336
"240",4,"Etheostoma scotti",1,0.00934579439252336
"241",4,"Etheostoma stigmaeum",1,0.00934579439252336
"242",4,"Etheostoma zonistium",1,0.00934579439252336
"243",4,"Fundulus catenatus",1,0.00934579439252336
"244",4,"Fundulus lineolatus",1,0.00934579439252336
"245",4,"Fundulus stellifer",1,0.00934579439252336
"246",4,"Gila pandora",1,0.00934579439252336
"247",4,"Gila robusta",1,0.00934579439252336
"248",4,"Heterandria formosa",1,0.00934579439252336
"249",4,"Hybopsis hypsinotus",1,0.00934579439252336
"250",4,"Hybopsis winchelli",1,0.00934579439252336
"251",4,"Hypentelium etowanum",1,0.00934579439252336
"252",4,"Ichthyomyzon bdellium",1,0.00934579439252336
"253",4,"Ichthyomyzon gagei",1,0.00934579439252336
"254",4,"Ictiobus bubalus",1,0.00934579439252336
"255",4,"Ictiobus cyprinellus",1,0.00934579439252336
"256",4,"Lepisosteus osseus",1,0.00934579439252336
"257",4,"Lepisosteus platostomus",1,0.00934579439252336
"258",4,"Lepisosteus platyrhincus",1,0.00934579439252336
"259",4,"Lepomis gibbosus",1,0.00934579439252336
"260",4,"Lepomis symmetricus",1,0.00934579439252336
"261",4,"Lucania goodei",1,0.00934579439252336
"262",4,"Luxilus zonistius",1,0.00934579439252336
"263",4,"Lythrurus fasciolaris",1,0.00934579439252336
"264",4,"Lythrurus lirus",1,0.00934579439252336
"265",4,"Lythrurus umbratilis",1,0.00934579439252336
"266",4,"Macrhybopsis storeriana",1,0.00934579439252336
"267",4,"Micropterus coosae",1,0.00934579439252336
"268",4,"Micropterus sp. Bartram's Bass",1,0.00934579439252336
"269",4,"Moxostoma poecilurum",1,0.00934579439252336
"270",4,"Moxostoma rupiscartes",1,0.00934579439252336
"271",4,"Nocomis micropogon",1,0.00934579439252336
"272",4,"Notropis chalybaeus",1,0.00934579439252336
"273",4,"Notropis chrosomus",1,0.00934579439252336
"274",4,"Notropis harperi",1,0.00934579439252336
"275",4,"Notropis longirostris",1,0.00934579439252336
"276",4,"Notropis maculatus",1,0.00934579439252336
"277",4,"Notropis rubellus",1,0.00934579439252336
"278",4,"Notropis scepticus",1,0.00934579439252336
"279",4,"Notropis texanus",1,0.00934579439252336
"280",4,"Notropis topeka",1,0.00934579439252336
"281",4,"Notropis volucellus",1,0.00934579439252336
"282",4,"Notropis xaenocephalus",1,0.00934579439252336
"283",4,"Noturus miurus",1,0.00934579439252336
"284",4,"Noturus nocturnus",1,0.00934579439252336
"285",4,"Percina copelandi",1,0.00934579439252336
"286",4,"Percina kathae",1,0.00934579439252336
"287",4,"Percopsis omiscomaycus",1,0.00934579439252336
"288",4,"Phenacobius catostomus",1,0.00934579439252336
"289",4,"Poecilia latipinna",1,0.00934579439252336
"290",4,"Pomoxis nigromaculatus",1,0.00934579439252336
"291",4,"Pteronotropis stonei",1,0.00934579439252336
"292",4,"Rhinichthys atratulus",1,0.00934579439252336
"293",4,"Rhinichthys cobitis",1,0.00934579439252336
"294",4,"Sander vitreus",1,0.00934579439252336
"295",4,"Semotilus corporalis",1,0.00934579439252336
"296",5,"Lepomis cyanellus",46,0.793103448275862
"297",5,"Lepomis macrochirus",43,0.741379310344828
"298",5,"Micropterus salmoides",39,0.672413793103448
"299",5,"Campostoma anomalum",35,0.603448275862069
"300",5,"Pimephales notatus",35,0.603448275862069
"301",5,"Lepomis megalotis",34,0.586206896551724
"302",5,"Ameiurus natalis",32,0.551724137931034
"303",5,"Semotilus atromaculatus",32,0.551724137931034
"304",5,"Luxilus chrysocephalus",23,0.396551724137931
"305",5,"Etheostoma flabellare",22,0.379310344827586
"306",5,"Hypentelium nigricans",22,0.379310344827586
"307",5,"Lepomis gulosus",22,0.379310344827586
"308",5,"Catostomus commersonii",21,0.362068965517241
"309",5,"Etheostoma nigrum",21,0.362068965517241
"310",5,"Etheostoma blennioides",17,0.293103448275862
"311",5,"Fundulus olivaceus",17,0.293103448275862
"312",5,"Micropterus punctulatus",17,0.293103448275862
"313",5,"Etheostoma caeruleum",15,0.258620689655172
"314",5,"Moxostoma erythrurum",15,0.258620689655172
"315",5,"Percina caprodes",15,0.258620689655172
"316",5,"Aphredoderus sayanus",14,0.241379310344828
"317",5,"Micropterus dolomieu",14,0.241379310344828
"318",5,"Ambloplites rupestris",13,0.224137931034483
"319",5,"Minytrema melanops",13,0.224137931034483
"320",5,"Notropis stramineus",13,0.224137931034483
"321",5,"Gambusia affinis",12,0.206896551724138
"322",5,"Percina maculata",12,0.206896551724138
"323",5,"Etheostoma spectabile",11,0.189655172413793
"324",5,"Fundulus notatus",11,0.189655172413793
"325",5,"Labidesthes sicculus",11,0.189655172413793
"326",5,"Luxilus cornutus",11,0.189655172413793
"327",5,"Lythrurus umbratilis",11,0.189655172413793
"328",5,"Moxostoma duquesnei",10,0.172413793103448
"329",5,"Notropis boops",10,0.172413793103448
"330",5,"Rhinichthys obtusus",10,0.172413793103448
"331",5,"Cyprinella whipplei",9,0.155172413793103
"332",5,"Esox americanus",9,0.155172413793103
"333",5,"Lepomis humilis",9,0.155172413793103
"334",5,"Percina nigrofasciata",9,0.155172413793103
"335",5,"Ambloplites ariommus",8,0.137931034482759
"336",5,"Etheostoma zonale",8,0.137931034482759
"337",5,"Lepomis microlophus",8,0.137931034482759
"338",5,"Noturus exilis",8,0.137931034482759
"339",5,"Pomoxis annularis",8,0.137931034482759
"340",5,"Ameiurus melas",7,0.120689655172414
"341",5,"Cyprinella spiloptera",7,0.120689655172414
"342",5,"Dorosoma cepedianum",7,0.120689655172414
"343",5,"Erimyzon claviformis",7,0.120689655172414
"344",5,"Erimyzon oblongus",7,0.120689655172414
"345",5,"Esox niger",7,0.120689655172414
"346",5,"Ictalurus punctatus",7,0.120689655172414
"347",5,"Nocomis biguttatus",7,0.120689655172414
"348",5,"Notropis buccatus",7,0.120689655172414
"349",5,"Notropis dorsalis",7,0.120689655172414
"350",5,"Noturus gyrinus",7,0.120689655172414
"351",5,"Pimephales promelas",7,0.120689655172414
"352",5,"Campostoma oligolepis",6,0.103448275862069
"353",5,"Cottus carolinae",6,0.103448275862069
"354",5,"Cyprinella lutrensis",6,0.103448275862069
"355",5,"Etheostoma artesiae",6,0.103448275862069
"356",5,"Etheostoma radiosum",6,0.103448275862069
"357",5,"Etheostoma stigmaeum",6,0.103448275862069
"358",5,"Lepisosteus oculatus",6,0.103448275862069
"359",5,"Lepomis marginatus",6,0.103448275862069
"360",5,"Notropis nubilus",6,0.103448275862069
"361",5,"Notropis texanus",6,0.103448275862069
"362",5,"Noturus flavus",6,0.103448275862069
"363",5,"Chrosomus erythrogaster",5,0.0862068965517241
"364",5,"Cottus bairdii",5,0.0862068965517241
"365",5,"Cyprinella venusta",5,0.0862068965517241
"366",5,"Etheostoma swaini",5,0.0862068965517241
"367",5,"Etheostoma whipplei",5,0.0862068965517241
"368",5,"Fundulus catenatus",5,0.0862068965517241
"369",5,"Hybognathus hankinsoni",5,0.0862068965517241
"370",5,"Lepomis miniatus",5,0.0862068965517241
"371",5,"Moxostoma macrolepidotum",5,0.0862068965517241
"372",5,"Moxostoma poecilurum",5,0.0862068965517241
"373",5,"Notemigonus crysoleucas",5,0.0862068965517241
"374",5,"Pomoxis nigromaculatus",5,0.0862068965517241
"375",5,"Pylodictis olivaris",5,0.0862068965517241
"376",5,"Umbra limi",5,0.0862068965517241
"377",5,"Amia calva",4,0.0689655172413793
"378",5,"Anguilla rostrata",4,0.0689655172413793
"379",5,"Aplodinotus grunniens",4,0.0689655172413793
"380",5,"Esox lucius",4,0.0689655172413793
"381",5,"Etheostoma gracile",4,0.0689655172413793
"382",5,"Hybopsis amblops",4,0.0689655172413793
"383",5,"Hypentelium etowanum",4,0.0689655172413793
"384",5,"Lythrurus bellus",4,0.0689655172413793
"385",5,"Nocomis leptocephalus",4,0.0689655172413793
"386",5,"Notropis baileyi",4,0.0689655172413793
"387",5,"Notropis percobromus",4,0.0689655172413793
"388",5,"Noturus funebris",4,0.0689655172413793
"389",5,"Noturus nocturnus",4,0.0689655172413793
"390",5,"Opsopoeodus emiliae",4,0.0689655172413793
"391",5,"Pimephales vigilax",4,0.0689655172413793
"392",5,"Etheostoma chlorosoma",3,0.0517241379310345
"393",5,"Etheostoma euzonum",3,0.0517241379310345
"394",5,"Etheostoma olmstedi",3,0.0517241379310345
"395",5,"Ichthyomyzon gagei",3,0.0517241379310345
"396",5,"Ictiobus bubalus",3,0.0517241379310345
"397",5,"Lepomis auritus",3,0.0517241379310345
"398",5,"Lepomis gibbosus",3,0.0517241379310345
"399",5,"Lethenteron appendix",3,0.0517241379310345
"400",5,"Luxilus zonatus",3,0.0517241379310345
"401",5,"Noturus leptacanthus",3,0.0517241379310345
"402",5,"Percina kathae",3,0.0517241379310345
"403",5,"Percina sciera",3,0.0517241379310345
"404",5,"Phenacobius mirabilis",3,0.0517241379310345
"405",5,"Rhinichthys cataractae",3,0.0517241379310345
"406",5,"Acantharchus pomotis",2,0.0344827586206897
"407",5,"Campostoma spadiceum",2,0.0344827586206897
"408",5,"Carpiodes carpio",2,0.0344827586206897
"409",5,"Centrarchus macropterus",2,0.0344827586206897
"410",5,"Clinostomus elongatus",2,0.0344827586206897
"411",5,"Cyprinella galactura",2,0.0344827586206897
"412",5,"Elassoma zonatum",2,0.0344827586206897
"413",5,"Enneacanthus gloriosus",2,0.0344827586206897
"414",5,"Erimystax harryi",2,0.0344827586206897
"415",5,"Etheostoma collettei",2,0.0344827586206897
"416",5,"Etheostoma mihileze",2,0.0344827586206897
"417",5,"Etheostoma parvipinne",2,0.0344827586206897
"418",5,"Gambusia holbrooki",2,0.0344827586206897
"419",5,"Hybognathus nuchalis",2,0.0344827586206897
"420",5,"Hybopsis winchelli",2,0.0344827586206897
"421",5,"Lampetra aepyptera",2,0.0344827586206897
"422",5,"Lepisosteus osseus",2,0.0344827586206897
"423",5,"Lepomis punctatus",2,0.0344827586206897
"424",5,"Luxilus cardinalis",2,0.0344827586206897
"425",5,"Lythrurus fasciolaris",2,0.0344827586206897
"426",5,"Nocomis asper",2,0.0344827586206897
"427",5,"Notropis atherinoides",2,0.0344827586206897
"428",5,"Notropis cummingsae",2,0.0344827586206897
"429",5,"Notropis longirostris",2,0.0344827586206897
"430",5,"Notropis petersoni",2,0.0344827586206897
"431",5,"Notropis photogenis",2,0.0344827586206897
"432",5,"Notropis stilbius",2,0.0344827586206897
"433",5,"Notropis volucellus",2,0.0344827586206897
"434",5,"Noturus insignis",2,0.0344827586206897
"435",5,"Noturus lachneri",2,0.0344827586206897
"436",5,"Ameiurus brunneus",1,0.0172413793103448
"437",5,"Ameiurus nebulosus",1,0.0172413793103448
"438",5,"Ameiurus platycephalus",1,0.0172413793103448
"439",5,"Ammocrypta vivax",1,0.0172413793103448
"440",5,"Culaea inconstans",1,0.0172413793103448
"441",5,"Cyprinella callisema",1,0.0172413793103448
"442",5,"Cyprinella callistia",1,0.0172413793103448
"443",5,"Cyprinella xaenura",1,0.0172413793103448
"444",5,"Etheostoma bellator",1,0.0172413793103448
"445",5,"Etheostoma camurum",1,0.0172413793103448
"446",5,"Etheostoma cinereum",1,0.0172413793103448
"447",5,"Etheostoma douglasi",1,0.0172413793103448
"448",5,"Etheostoma fricksium",1,0.0172413793103448
"449",5,"Etheostoma gore",1,0.0172413793103448
"450",5,"Etheostoma histrio",1,0.0172413793103448
"451",5,"Etheostoma inscriptum",1,0.0172413793103448
"452",5,"Etheostoma lachneri",1,0.0172413793103448
"453",5,"Etheostoma lawrencei",1,0.0172413793103448
"454",5,"Etheostoma mariae",1,0.0172413793103448
"455",5,"Etheostoma punctulatum",1,0.0172413793103448
"456",5,"Etheostoma rupestre",1,0.0172413793103448
"457",5,"Etheostoma virgatum",1,0.0172413793103448
"458",5,"Etheostoma zonistium",1,0.0172413793103448
"459",5,"Hybopsis rubrifrons",1,0.0172413793103448
"460",5,"Ictiobus cyprinellus",1,0.0172413793103448
"461",5,"Lepomis symmetricus",1,0.0172413793103448
"462",5,"Luxilus pilsbryi",1,0.0172413793103448
"463",5,"Lythrurus roseipinnis",1,0.0172413793103448
"464",5,"Moxostoma carinatum",1,0.0172413793103448
"465",5,"Moxostoma collapsum",1,0.0172413793103448
"466",5,"Moxostoma rupiscartes",1,0.0172413793103448
"467",5,"Notropis ammophilus",1,0.0172413793103448
"468",5,"Notropis amplamala",1,0.0172413793103448
"469",5,"Notropis ariommus",1,0.0172413793103448
"470",5,"Notropis asperifrons",1,0.0172413793103448
"471",5,"Notropis chalybaeus",1,0.0172413793103448
"472",5,"Notropis lutipinnis",1,0.0172413793103448
"473",5,"Notropis micropteryx",1,0.0172413793103448
"474",5,"Notropis telescopus",1,0.0172413793103448
"475",5,"Noturus albater",1,0.0172413793103448
"476",5,"Perca flavescens",1,0.0172413793103448
"477",5,"Percina crassa",1,0.0172413793103448
"478",5,"Percina squamata",1,0.0172413793103448
"479",5,"Pimephales tenellus",1,0.0172413793103448
"480",5,"Pteronotropis signipinnis",1,0.0172413793103448
"481",5,"Pteronotropis stonei",1,0.0172413793103448
"482",5,"Sander vitreus",1,0.0172413793103448
"483",5,"Umbra pygmaea",1,0.0172413793103448
"484",6,"Lepomis macrochirus",65,0.451388888888889
"485",6,"Catostomus commersonii",62,0.430555555555556
"486",6,"Semotilus atromaculatus",58,0.402777777777778
"487",6,"Lepomis cyanellus",54,0.375
"488",6,"Ameiurus natalis",43,0.298611111111111
"489",6,"Micropterus salmoides",42,0.291666666666667
"490",6,"Pimephales notatus",33,0.229166666666667
"491",6,"Campostoma anomalum",31,0.215277777777778
"492",6,"Lepomis gulosus",30,0.208333333333333
"493",6,"Lepomis megalotis",30,0.208333333333333
"494",6,"Lepomis auritus",28,0.194444444444444
"495",6,"Etheostoma nigrum",25,0.173611111111111
"496",6,"Luxilus cornutus",25,0.173611111111111
"497",6,"Pimephales promelas",25,0.173611111111111
"498",6,"Rhinichthys cataractae",25,0.173611111111111
"499",6,"Aphredoderus sayanus",23,0.159722222222222
"500",6,"Etheostoma olmstedi",23,0.159722222222222
"501",6,"Hypentelium nigricans",22,0.152777777777778
"502",6,"Esox americanus",20,0.138888888888889
"503",6,"Lepomis gibbosus",20,0.138888888888889
"504",6,"Notemigonus crysoleucas",20,0.138888888888889
"505",6,"Notropis stramineus",20,0.138888888888889
"506",6,"Cyprinella lutrensis",19,0.131944444444444
"507",6,"Gambusia holbrooki",19,0.131944444444444
"508",6,"Nocomis leptocephalus",19,0.131944444444444
"509",6,"Ameiurus melas",18,0.125
"510",6,"Erimyzon oblongus",17,0.118055555555556
"511",6,"Ictalurus punctatus",17,0.118055555555556
"512",6,"Micropterus punctulatus",16,0.111111111111111
"513",6,"Noturus insignis",16,0.111111111111111
"514",6,"Etheostoma flabellare",15,0.104166666666667
"515",6,"Lepomis humilis",15,0.104166666666667
"516",6,"Pomoxis nigromaculatus",15,0.104166666666667
"517",6,"Rhinichthys atratulus",15,0.104166666666667
"518",6,"Ambloplites rupestris",14,0.0972222222222222
"519",6,"Dorosoma cepedianum",14,0.0972222222222222
"520",6,"Gambusia affinis",14,0.0972222222222222
"521",6,"Notropis dorsalis",14,0.0972222222222222
"522",6,"Anguilla rostrata",13,0.0902777777777778
"523",6,"Luxilus chrysocephalus",12,0.0833333333333333
"524",6,"Notropis hudsonius",12,0.0833333333333333
"525",6,"Rhinichthys obtusus",12,0.0833333333333333
"526",6,"Semotilus corporalis",12,0.0833333333333333
"527",6,"Cottus bairdii",11,0.0763888888888889
"528",6,"Cyprinella venusta",11,0.0763888888888889
"529",6,"Fundulus olivaceus",11,0.0763888888888889
"530",6,"Lepomis microlophus",11,0.0763888888888889
"531",6,"Percina maculata",11,0.0763888888888889
"532",6,"Percina nigrofasciata",11,0.0763888888888889
"533",6,"Fundulus notatus",10,0.0694444444444444
"534",6,"Micropterus dolomieu",10,0.0694444444444444
"535",6,"Perca flavescens",10,0.0694444444444444
"536",6,"Phenacobius mirabilis",10,0.0694444444444444
"537",6,"Etheostoma blennioides",9,0.0625
"538",6,"Etheostoma caeruleum",9,0.0625
"539",6,"Hybognathus hankinsoni",9,0.0625
"540",6,"Noturus gyrinus",9,0.0625
"541",6,"Salvelinus fontinalis",9,0.0625
"542",6,"Cyprinella analostana",8,0.0555555555555556
"543",6,"Enneacanthus gloriosus",8,0.0555555555555556
"544",6,"Moxostoma erythrurum",8,0.0555555555555556
"545",6,"Ameiurus nebulosus",7,0.0486111111111111
"546",6,"Carpiodes carpio",7,0.0486111111111111
"547",6,"Centrarchus macropterus",7,0.0486111111111111
"548",6,"Culaea inconstans",7,0.0486111111111111
"549",6,"Cyprinella spiloptera",7,0.0486111111111111
"550",6,"Esox niger",7,0.0486111111111111
"551",6,"Fundulus diaphanus",7,0.0486111111111111
"552",6,"Lepomis miniatus",7,0.0486111111111111
"553",6,"Minytrema melanops",7,0.0486111111111111
"554",6,"Moxostoma poecilurum",7,0.0486111111111111
"555",6,"Notropis procne",7,0.0486111111111111
"556",6,"Noturus flavus",7,0.0486111111111111
"557",6,"Pimephales vigilax",7,0.0486111111111111
"558",6,"Umbra limi",7,0.0486111111111111
"559",6,"Acantharchus pomotis",6,0.0416666666666667
"560",6,"Ameiurus brunneus",6,0.0416666666666667
"561",6,"Esox lucius",6,0.0416666666666667
"562",6,"Etheostoma spectabile",6,0.0416666666666667
"563",6,"Hypentelium etowanum",6,0.0416666666666667
"564",6,"Ichthyomyzon gagei",6,0.0416666666666667
"565",6,"Labidesthes sicculus",6,0.0416666666666667
"566",6,"Moxostoma macrolepidotum",6,0.0416666666666667
"567",6,"Nocomis biguttatus",6,0.0416666666666667
"568",6,"Notropis rubellus",6,0.0416666666666667
"569",6,"Noturus leptacanthus",6,0.0416666666666667
"570",6,"Percina caprodes",6,0.0416666666666667
"571",6,"Percina sciera",6,0.0416666666666667
"572",6,"Umbra pygmaea",6,0.0416666666666667
"573",6,"Campostoma oligolepis",5,0.0347222222222222
"574",6,"Catostomus catostomus",5,0.0347222222222222
"575",6,"Clinostomus funduloides",5,0.0347222222222222
"576",6,"Cottus carolinae",5,0.0347222222222222
"577",6,"Etheostoma zonale",5,0.0347222222222222
"578",6,"Lepisosteus oculatus",5,0.0347222222222222
"579",6,"Lepomis marginatus",5,0.0347222222222222
"580",6,"Micropterus coosae",5,0.0347222222222222
"581",6,"Moxostoma duquesnei",5,0.0347222222222222
"582",6,"Notropis buccatus",5,0.0347222222222222
"583",6,"Ambloplites ariommus",4,0.0277777777777778
"584",6,"Ameiurus platycephalus",4,0.0277777777777778
"585",6,"Catostomus clarkii",4,0.0277777777777778
"586",6,"Catostomus insignis",4,0.0277777777777778
"587",6,"Elassoma zonatum",4,0.0277777777777778
"588",6,"Exoglossum maxillingua",4,0.0277777777777778
"589",6,"Hybognathus regius",4,0.0277777777777778
"590",6,"Lepomis punctatus",4,0.0277777777777778
"591",6,"Notropis lutipinnis",4,0.0277777777777778
"592",6,"Notropis scepticus",4,0.0277777777777778
"593",6,"Notropis texanus",4,0.0277777777777778
"594",6,"Notropis volucellus",4,0.0277777777777778
"595",6,"Noturus miurus",4,0.0277777777777778
"596",6,"Percina crassa",4,0.0277777777777778
"597",6,"Pomoxis annularis",4,0.0277777777777778
"598",6,"Pylodictis olivaris",4,0.0277777777777778
"599",6,"Rhinichthys osculus",4,0.0277777777777778
"600",6,"Agosia chrysogaster",3,0.0208333333333333
"601",6,"Amia calva",3,0.0208333333333333
"602",6,"Aplodinotus grunniens",3,0.0208333333333333
"603",6,"Carpiodes cyprinus",3,0.0208333333333333
"604",6,"Cottus cognatus",3,0.0208333333333333
"605",6,"Cyprinella callistia",3,0.0208333333333333
"606",6,"Cyprinella camura",3,0.0208333333333333
"607",6,"Cyprinella whipplei",3,0.0208333333333333
"608",6,"Etheostoma chlorosoma",3,0.0208333333333333
"609",6,"Etheostoma fusiforme",3,0.0208333333333333
"610",6,"Etheostoma swaini",3,0.0208333333333333
"611",6,"Fundulus stellifer",3,0.0208333333333333
"612",6,"Ictiobus bubalus",3,0.0208333333333333
"613",6,"Ictiobus cyprinellus",3,0.0208333333333333
"614",6,"Lepisosteus osseus",3,0.0208333333333333
"615",6,"Lepisosteus platostomus",3,0.0208333333333333
"616",6,"Lota lota",3,0.0208333333333333
"617",6,"Luxilus albeolus",3,0.0208333333333333
"618",6,"Luxilus cerasinus",3,0.0208333333333333
"619",6,"Lythrurus ardens",3,0.0208333333333333
"620",6,"Micropterus henshalli",3,0.0208333333333333
"621",6,"Notropis atherinoides",3,0.0208333333333333
"622",6,"Notropis boops",3,0.0208333333333333
"623",6,"Notropis stilbius",3,0.0208333333333333
"624",6,"Noturus hildebrandi",3,0.0208333333333333
"625",6,"Noturus phaeus",3,0.0208333333333333
"626",6,"Platygobio gracilis",3,0.0208333333333333
"627",6,"Campostoma pauciradii",2,0.0138888888888889
"628",6,"Chrosomus oreas",2,0.0138888888888889
"629",6,"Clinostomus elongatus",2,0.0138888888888889
"630",6,"Cottus caeruleomentum",2,0.0138888888888889
"631",6,"Cottus girardi",2,0.0138888888888889
"632",6,"Cyprinella chloristia",2,0.0138888888888889
"633",6,"Cyprinella nivea",2,0.0138888888888889
"634",6,"Cyprinella trichroistia",2,0.0138888888888889
"635",6,"Erimyzon claviformis",2,0.0138888888888889
"636",6,"Etheostoma coosae",2,0.0138888888888889
"637",6,"Etheostoma gracile",2,0.0138888888888889
"638",6,"Etheostoma lynceum",2,0.0138888888888889
"639",6,"Etheostoma radiosum",2,0.0138888888888889
"640",6,"Etheostoma stigmaeum",2,0.0138888888888889
"641",6,"Etheostoma thalassinum",2,0.0138888888888889
"642",6,"Fundulus catenatus",2,0.0138888888888889
"643",6,"Fundulus rathbuni",2,0.0138888888888889
"644",6,"Gila pandora",2,0.0138888888888889
"645",6,"Lampetra aepyptera",2,0.0138888888888889
"646",6,"Lythrurus fasciolaris",2,0.0138888888888889
"647",6,"Lythrurus fumeus",2,0.0138888888888889
"648",6,"Margariscus nachtriebi",2,0.0138888888888889
"649",6,"Menidia beryllina",2,0.0138888888888889
"650",6,"Morone americana",2,0.0138888888888889
"651",6,"Moxostoma collapsum",2,0.0138888888888889
"652",6,"Moxostoma rupiscartes",2,0.0138888888888889
"653",6,"Nocomis micropogon",2,0.0138888888888889
"654",6,"Notropis alborus",2,0.0138888888888889
"655",6,"Notropis altipinnis",2,0.0138888888888889
"656",6,"Notropis chiliticus",2,0.0138888888888889
"657",6,"Notropis heterolepis",2,0.0138888888888889
"658",6,"Notropis photogenis",2,0.0138888888888889
"659",6,"Notropis topeka",2,0.0138888888888889
"660",6,"Noturus exilis",2,0.0138888888888889
"661",6,"Noturus funebris",2,0.0138888888888889
"662",6,"Oncorhynchus mykiss",2,0.0138888888888889
"663",6,"Percina kathae",2,0.0138888888888889
"664",6,"Percina peltata",2,0.0138888888888889
"665",6,"Percina roanoka",2,0.0138888888888889
"666",6,"Sander vitreus",2,0.0138888888888889
"667",6,"Thoburnia rhothoeca",2,0.0138888888888889
"668",6,"Ambloplites cavifrons",1,0.00694444444444444
"669",6,"Ameiurus catus",1,0.00694444444444444
"670",6,"Campostoma spadiceum",1,0.00694444444444444
"671",6,"Carpiodes velifer",1,0.00694444444444444
"672",6,"Catostomus occidentalis",1,0.00694444444444444
"673",6,"Chrosomus eos",1,0.00694444444444444
"674",6,"Chrosomus neogaeus",1,0.00694444444444444
"675",6,"Cottus baileyi",1,0.00694444444444444
"676",6,"Cottus chattahoochee",1,0.00694444444444444
"677",6,"Cottus kanawhae",1,0.00694444444444444
"678",6,"Cottus sp. Holston Sculpin",1,0.00694444444444444
"679",6,"Couesius plumbeus",1,0.00694444444444444
"680",6,"Cyprinella labrosa",1,0.00694444444444444
"681",6,"Cyprinella pyrrhomelas",1,0.00694444444444444
"682",6,"Dorosoma petenense",1,0.00694444444444444
"683",6,"Enneacanthus obesus",1,0.00694444444444444
"684",6,"Erimyzon sucetta",1,0.00694444444444444
"685",6,"Etheostoma asprigene",1,0.00694444444444444
"686",6,"Etheostoma brevispinum",1,0.00694444444444444
"687",6,"Etheostoma collis",1,0.00694444444444444
"688",6,"Etheostoma colorosum",1,0.00694444444444444
"689",6,"Etheostoma edwini",1,0.00694444444444444
"690",6,"Etheostoma etowahae",1,0.00694444444444444
"691",6,"Etheostoma exile",1,0.00694444444444444
"692",6,"Etheostoma histrio",1,0.00694444444444444
"693",6,"Etheostoma jordani",1,0.00694444444444444
"694",6,"Etheostoma kanawhae",1,0.00694444444444444
"695",6,"Etheostoma kennicotti",1,0.00694444444444444
"696",6,"Etheostoma lepidum",1,0.00694444444444444
"697",6,"Etheostoma planasaxatile",1,0.00694444444444444
"698",6,"Etheostoma pyrrhogaster",1,0.00694444444444444
"699",6,"Etheostoma scotti",1,0.00694444444444444
"700",6,"Etheostoma serrifer",1,0.00694444444444444
"701",6,"Etheostoma simoterum",1,0.00694444444444444
"702",6,"Etheostoma whipplei",1,0.00694444444444444
"703",6,"Fundulus kansae",1,0.00694444444444444
"704",6,"Fundulus majalis",1,0.00694444444444444
"705",6,"Fundulus sciadicus",1,0.00694444444444444
"706",6,"Gasterosteus aculeatus",1,0.00694444444444444
"707",6,"Gila robusta",1,0.00694444444444444
"708",6,"Hybognathus amarus",1,0.00694444444444444
"709",6,"Hybognathus nuchalis",1,0.00694444444444444
"710",6,"Hybopsis amblops",1,0.00694444444444444
"711",6,"Hybopsis hypsinotus",1,0.00694444444444444
"712",6,"Hybopsis rubrifrons",1,0.00694444444444444
"713",6,"Hybopsis winchelli",1,0.00694444444444444
"714",6,"Ichthyomyzon castaneus",1,0.00694444444444444
"715",6,"Ichthyomyzon fossor",1,0.00694444444444444
"716",6,"Ichthyomyzon greeleyi",1,0.00694444444444444
"717",6,"Ictiobus niger",1,0.00694444444444444
"718",6,"Lavinia exilicauda",1,0.00694444444444444
"719",6,"Lethenteron appendix",1,0.00694444444444444
"720",6,"Luxilus zonistius",1,0.00694444444444444
"721",6,"Lythrurus lirus",1,0.00694444444444444
"722",6,"Lythrurus matutinus",1,0.00694444444444444
"723",6,"Lythrurus umbratilis",1,0.00694444444444444
"724",6,"Meda fulgida",1,0.00694444444444444
"725",6,"Menidia audens",1,0.00694444444444444
"726",6,"Micropterus treculii",1,0.00694444444444444
"727",6,"Morone saxatilis",1,0.00694444444444444
"728",6,"Moxostoma anisurum",1,0.00694444444444444
"729",6,"Moxostoma cervinum",1,0.00694444444444444
"730",6,"Moxostoma congestum",1,0.00694444444444444
"731",6,"Moxostoma pappillosum",1,0.00694444444444444
"732",6,"Moxostoma sp. Brassy Jumprock",1,0.00694444444444444
"733",6,"Nocomis raneyi",1,0.00694444444444444
"734",6,"Notropis amabilis",1,0.00694444444444444
"735",6,"Notropis ammophilus",1,0.00694444444444444
"736",6,"Notropis amoenus",1,0.00694444444444444
"737",6,"Notropis amplamala",1,0.00694444444444444
"738",6,"Notropis anogenus",1,0.00694444444444444
"739",6,"Notropis chrosomus",1,0.00694444444444444
"740",6,"Notropis cummingsae",1,0.00694444444444444
"741",6,"Notropis greenei",1,0.00694444444444444
"742",6,"Notropis heterodon",1,0.00694444444444444
"743",6,"Notropis longirostris",1,0.00694444444444444
"744",6,"Notropis petersoni",1,0.00694444444444444
"745",6,"Notropis rafinesquei",1,0.00694444444444444
"746",6,"Notropis spectrunculus",1,0.00694444444444444
"747",6,"Notropis xaenocephalus",1,0.00694444444444444
"748",6,"Noturus gladiator",1,0.00694444444444444
"749",6,"Noturus nocturnus",1,0.00694444444444444
"750",6,"Percina carbonaria",1,0.00694444444444444
"751",6,"Percina nasuta",1,0.00694444444444444
"752",6,"Percina nevisense",1,0.00694444444444444
"753",6,"Percina notogramma",1,0.00694444444444444
"754",6,"Percina palmaris",1,0.00694444444444444
"755",6,"Percina phoxocephala",1,0.00694444444444444
"756",6,"Percina shumardi",1,0.00694444444444444
"757",6,"Percopsis omiscomaycus",1,0.00694444444444444
"758",6,"Petromyzon marinus",1,0.00694444444444444
"759",6,"Phenacobius catostomus",1,0.00694444444444444
"760",6,"Poecilia latipinna",1,0.00694444444444444
"761",6,"Pteronotropis hypselopterus",1,0.00694444444444444
"762",6,"Pteronotropis signipinnis",1,0.00694444444444444
"763",6,"Pteronotropis stonei",1,0.00694444444444444
"764",6,"Richardsonius balteatus",1,0.00694444444444444
"765",7,"Semotilus atromaculatus",273,0.465870307167235
"766",7,"Catostomus commersonii",201,0.343003412969283
"767",7,"Lepomis cyanellus",196,0.334470989761092
"768",7,"Lepomis macrochirus",165,0.281569965870307
"769",7,"Campostoma anomalum",130,0.221843003412969
"770",7,"Micropterus salmoides",115,0.196245733788396
"771",7,"Pimephales promelas",110,0.187713310580205
"772",7,"Ameiurus natalis",101,0.172354948805461
"773",7,"Pimephales notatus",100,0.170648464163823
"774",7,"Etheostoma nigrum",98,0.167235494880546
"775",7,"Lepomis megalotis",91,0.155290102389079
"776",7,"Rhinichthys obtusus",85,0.145051194539249
"777",7,"Luxilus cornutus",76,0.129692832764505
"778",7,"Notropis stramineus",70,0.119453924914676
"779",7,"Ameiurus melas",63,0.107508532423208
"780",7,"Cyprinella lutrensis",62,0.10580204778157
"781",7,"Etheostoma flabellare",58,0.0989761092150171
"782",7,"Rhinichthys cataractae",54,0.0921501706484642
"783",7,"Culaea inconstans",52,0.0887372013651877
"784",7,"Luxilus chrysocephalus",52,0.0887372013651877
"785",7,"Umbra limi",51,0.0870307167235495
"786",7,"Cottus bairdii",50,0.0853242320819113
"787",7,"Rhinichthys osculus",50,0.0853242320819113
"788",7,"Hypentelium nigricans",47,0.0802047781569966
"789",7,"Nocomis leptocephalus",46,0.0784982935153584
"790",7,"Rhinichthys atratulus",45,0.0767918088737201
"791",7,"Gambusia affinis",42,0.0716723549488055
"792",7,"Esox americanus",41,0.0699658703071672
"793",7,"Lepomis gulosus",41,0.0699658703071672
"794",7,"Lepomis auritus",40,0.068259385665529
"795",7,"Notropis dorsalis",40,0.068259385665529
"796",7,"Etheostoma olmstedi",39,0.0665529010238908
"797",7,"Lepomis gibbosus",37,0.0631399317406143
"798",7,"Oncorhynchus clarkii",37,0.0631399317406143
"799",7,"Ambloplites rupestris",36,0.0614334470989761
"800",7,"Oncorhynchus mykiss",36,0.0614334470989761
"801",7,"Notemigonus crysoleucas",35,0.0597269624573379
"802",7,"Salvelinus fontinalis",35,0.0597269624573379
"803",7,"Noturus flavus",34,0.0580204778156997
"804",7,"Ictalurus punctatus",33,0.0563139931740614
"805",7,"Etheostoma caeruleum",32,0.0546075085324232
"806",7,"Aphredoderus sayanus",30,0.0511945392491468
"807",7,"Clinostomus funduloides",29,0.0494880546075085
"808",7,"Noturus insignis",28,0.0477815699658703
"809",7,"Etheostoma spectabile",27,0.0460750853242321
"810",7,"Moxostoma erythrurum",27,0.0460750853242321
"811",7,"Cyprinella venusta",26,0.0443686006825939
"812",7,"Campostoma oligolepis",25,0.0426621160409556
"813",7,"Catostomus clarkii",25,0.0426621160409556
"814",7,"Noturus gyrinus",25,0.0426621160409556
"815",7,"Esox lucius",24,0.0409556313993174
"816",7,"Fundulus olivaceus",24,0.0409556313993174
"817",7,"Lepomis humilis",24,0.0409556313993174
"818",7,"Micropterus dolomieu",24,0.0409556313993174
"819",7,"Perca flavescens",24,0.0409556313993174
"820",7,"Hypentelium etowanum",22,0.037542662116041
"821",7,"Micropterus punctulatus",22,0.037542662116041
"822",7,"Phenacobius mirabilis",22,0.037542662116041
"823",7,"Cottus carolinae",21,0.0358361774744027
"824",7,"Etheostoma blennioides",21,0.0358361774744027
"825",7,"Hybognathus hankinsoni",21,0.0358361774744027
"826",7,"Percina caprodes",21,0.0358361774744027
"827",7,"Percina maculata",21,0.0358361774744027
"828",7,"Anguilla rostrata",20,0.0341296928327645
"829",7,"Fundulus notatus",19,0.0324232081911263
"830",7,"Percina nigrofasciata",19,0.0324232081911263
"831",7,"Agosia chrysogaster",18,0.0307167235494881
"832",7,"Catostomus catostomus",18,0.0307167235494881
"833",7,"Erimyzon oblongus",18,0.0307167235494881
"834",7,"Etheostoma exile",17,0.0290102389078498
"835",7,"Lepomis microlophus",17,0.0290102389078498
"836",7,"Nocomis biguttatus",17,0.0290102389078498
"837",7,"Salvelinus confluentus",17,0.0290102389078498
"838",7,"Micropterus coosae",16,0.0273037542662116
"839",7,"Moxostoma duquesnei",16,0.0273037542662116
"840",7,"Ameiurus nebulosus",15,0.0255972696245734
"841",7,"Carpiodes carpio",15,0.0255972696245734
"842",7,"Dorosoma cepedianum",15,0.0255972696245734
"843",7,"Exoglossum maxillingua",15,0.0255972696245734
"844",7,"Gambusia holbrooki",15,0.0255972696245734
"845",7,"Notropis buccatus",15,0.0255972696245734
"846",7,"Pimephales vigilax",15,0.0255972696245734
"847",7,"Catostomus insignis",14,0.0238907849829352
"848",7,"Chrosomus eos",14,0.0238907849829352
"849",7,"Moxostoma macrolepidotum",14,0.0238907849829352
"850",7,"Notropis boops",14,0.0238907849829352
"851",7,"Notropis lutipinnis",14,0.0238907849829352
"852",7,"Chrosomus erythrogaster",13,0.0221843003412969
"853",7,"Pomoxis nigromaculatus",13,0.0221843003412969
"854",7,"Ameiurus platycephalus",12,0.0204778156996587
"855",7,"Notropis xaenocephalus",12,0.0204778156996587
"856",7,"Chrosomus oreas",11,0.0187713310580205
"857",7,"Cyprinella spiloptera",11,0.0187713310580205
"858",7,"Lythrurus umbratilis",11,0.0187713310580205
"859",7,"Notropis hudsonius",11,0.0187713310580205
"860",7,"Catostomus discobolus",10,0.0170648464163823
"861",7,"Gila robusta",10,0.0170648464163823
"862",7,"Minytrema melanops",10,0.0170648464163823
"863",7,"Nocomis micropogon",10,0.0170648464163823
"864",7,"Catostomus occidentalis",9,0.015358361774744
"865",7,"Catostomus plebeius",9,0.015358361774744
"866",7,"Cottus cognatus",9,0.015358361774744
"867",7,"Esox niger",9,0.015358361774744
"868",7,"Etheostoma coosae",9,0.015358361774744
"869",7,"Etheostoma zonale",9,0.015358361774744
"870",7,"Ichthyomyzon gagei",9,0.015358361774744
"871",7,"Moxostoma rupiscartes",9,0.015358361774744
"872",7,"Notropis rubellus",9,0.015358361774744
"873",7,"Notropis volucellus",9,0.015358361774744
"874",7,"Pylodictis olivaris",9,0.015358361774744
"875",7,"Ambloplites ariommus",8,0.0136518771331058
"876",7,"Aplodinotus grunniens",8,0.0136518771331058
"877",7,"Cyprinella analostana",8,0.0136518771331058
"878",7,"Etheostoma stigmaeum",8,0.0136518771331058
"879",7,"Fundulus diaphanus",8,0.0136518771331058
"880",7,"Hesperoleucus symmetricus",8,0.0136518771331058
"881",7,"Hybopsis amblops",8,0.0136518771331058
"882",7,"Labidesthes sicculus",8,0.0136518771331058
"883",7,"Moxostoma poecilurum",8,0.0136518771331058
"884",7,"Notropis chiliticus",8,0.0136518771331058
"885",7,"Notropis scepticus",8,0.0136518771331058
"886",7,"Pomoxis annularis",8,0.0136518771331058
"887",7,"Prosopium williamsoni",8,0.0136518771331058
"888",7,"Ameiurus brunneus",7,0.0119453924914676
"889",7,"Clinostomus elongatus",7,0.0119453924914676
"890",7,"Cottus asper",7,0.0119453924914676
"891",7,"Etheostoma radiosum",7,0.0119453924914676
"892",7,"Fundulus stellifer",7,0.0119453924914676
"893",7,"Gasterosteus aculeatus",7,0.0119453924914676
"894",7,"Hybopsis hypsinotus",7,0.0119453924914676
"895",7,"Lepisosteus osseus",7,0.0119453924914676
"896",7,"Notropis chrosomus",7,0.0119453924914676
"897",7,"Notropis procne",7,0.0119453924914676
"898",7,"Noturus nocturnus",7,0.0119453924914676
"899",7,"Percina crassa",7,0.0119453924914676
"900",7,"Platygobio gracilis",7,0.0119453924914676
"901",7,"Carpiodes cyprinus",6,0.0102389078498294
"902",7,"Catostomus platyrhynchus",6,0.0102389078498294
"903",7,"Cyprinella callistia",6,0.0102389078498294
"904",7,"Cyprinella chloristia",6,0.0102389078498294
"905",7,"Etheostoma collettei",6,0.0102389078498294
"906",7,"Fundulus catenatus",6,0.0102389078498294
"907",7,"Gila pandora",6,0.0102389078498294
"908",7,"Hybognathus regius",6,0.0102389078498294
"909",7,"Lampetra aepyptera",6,0.0102389078498294
"910",7,"Lepomis punctatus",6,0.0102389078498294
"911",7,"Lota lota",6,0.0102389078498294
"912",7,"Lythrurus fumeus",6,0.0102389078498294
"913",7,"Margariscus margarita",6,0.0102389078498294
"914",7,"Notropis stilbius",6,0.0102389078498294
"915",7,"Noturus phaeus",6,0.0102389078498294
"916",7,"Percina kathae",6,0.0102389078498294
"917",7,"Catostomus santaanae",5,0.00853242320819113
"918",7,"Erimyzon claviformis",5,0.00853242320819113
"919",7,"Etheostoma thalassinum",5,0.00853242320819113
"920",7,"Fundulus sciadicus",5,0.00853242320819113
"921",7,"Hybopsis rubrifrons",5,0.00853242320819113
"922",7,"Lepisosteus oculatus",5,0.00853242320819113
"923",7,"Lepisosteus platostomus",5,0.00853242320819113
"924",7,"Lepomis miniatus",5,0.00853242320819113
"925",7,"Luxilus cerasinus",5,0.00853242320819113
"926",7,"Luxilus coccogenis",5,0.00853242320819113
"927",7,"Moxostoma collapsum",5,0.00853242320819113
"928",7,"Notropis altipinnis",5,0.00853242320819113
"929",7,"Notropis percobromus",5,0.00853242320819113
"930",7,"Notropis photogenis",5,0.00853242320819113
"931",7,"Noturus exilis",5,0.00853242320819113
"932",7,"Noturus leptacanthus",5,0.00853242320819113
"933",7,"Oncorhynchus gilae",5,0.00853242320819113
"934",7,"Oncorhynchus kisutch",5,0.00853242320819113
"935",7,"Umbra pygmaea",5,0.00853242320819113
"936",7,"Cottus caeruleomentum",4,0.0068259385665529
"937",7,"Cottus sp. Rocky Mountain Sculpin",4,0.0068259385665529
"938",7,"Couesius plumbeus",4,0.0068259385665529
"939",7,"Cyprinella trichroistia",4,0.0068259385665529
"940",7,"Cyprinella whipplei",4,0.0068259385665529
"941",7,"Etheostoma artesiae",4,0.0068259385665529
"942",7,"Etheostoma gracile",4,0.0068259385665529
"943",7,"Etheostoma histrio",4,0.0068259385665529
"944",7,"Etheostoma rufilineatum",4,0.0068259385665529
"945",7,"Etheostoma whipplei",4,0.0068259385665529
"946",7,"Fundulus rathbuni",4,0.0068259385665529
"947",7,"Gila orcuttii",4,0.0068259385665529
"948",7,"Hypentelium roanokense",4,0.0068259385665529
"949",7,"Ictiobus bubalus",4,0.0068259385665529
"950",7,"Luxilus albeolus",4,0.0068259385665529
"951",7,"Lythrurus fasciolaris",4,0.0068259385665529
"952",7,"Notropis amabilis",4,0.0068259385665529
"953",7,"Notropis heterolepis",4,0.0068259385665529
"954",7,"Notropis telescopus",4,0.0068259385665529
"955",7,"Notropis texanus",4,0.0068259385665529
"956",7,"Noturus funebris",4,0.0068259385665529
"957",7,"Noturus lachneri",4,0.0068259385665529
"958",7,"Percina palmaris",4,0.0068259385665529
"959",7,"Percina sciera",4,0.0068259385665529
"960",7,"Percopsis omiscomaycus",4,0.0068259385665529
"961",7,"Semotilus corporalis",4,0.0068259385665529
"962",7,"Acantharchus pomotis",3,0.00511945392491468
"963",7,"Amia calva",3,0.00511945392491468
"964",7,"Astyanax mexicanus",3,0.00511945392491468
"965",7,"Catostomus latipinnis",3,0.00511945392491468
"966",7,"Catostomus macrocheilus",3,0.00511945392491468
"967",7,"Centrarchus macropterus",3,0.00511945392491468
"968",7,"Chrosomus neogaeus",3,0.00511945392491468
"969",7,"Cottus rhotheus",3,0.00511945392491468
"970",7,"Cyprinella galactura",3,0.00511945392491468
"971",7,"Dionda episcopa",3,0.00511945392491468
"972",7,"Enneacanthus gloriosus",3,0.00511945392491468
"973",7,"Etheostoma brevispinum",3,0.00511945392491468
"974",7,"Etheostoma collis",3,0.00511945392491468
"975",7,"Etheostoma mihileze",3,0.00511945392491468
"976",7,"Etheostoma tennesseense",3,0.00511945392491468
"977",7,"Etheostoma vitreum",3,0.00511945392491468
"978",7,"Fundulus majalis",3,0.00511945392491468
"979",7,"Gila nigrescens",3,0.00511945392491468
"980",7,"Hybognathus placitus",3,0.00511945392491468
"981",7,"Luxilus cardinalis",3,0.00511945392491468
"982",7,"Lythrurus ardens",3,0.00511945392491468
"983",7,"Micropterus henshalli",3,0.00511945392491468
"984",7,"Moxostoma sp. Brassy Jumprock",3,0.00511945392491468
"985",7,"Notropis atherinoides",3,0.00511945392491468
"986",7,"Notropis nubilus",3,0.00511945392491468
"987",7,"Oncorhynchus aguabonita",3,0.00511945392491468
"988",7,"Percina roanoka",3,0.00511945392491468
"989",7,"Petromyzon marinus",3,0.00511945392491468
"990",7,"Phenacobius catostomus",3,0.00511945392491468
"991",7,"Rhinichthys cobitis",3,0.00511945392491468
"992",7,"Apeltes quadracus",2,0.00341296928327645
"993",7,"Campostoma pauciradii",2,0.00341296928327645
"994",7,"Campostoma spadiceum",2,0.00341296928327645
"995",7,"Catostomus rimiculus",2,0.00341296928327645
"996",7,"Chrosomus tennesseensis",2,0.00341296928327645
"997",7,"Cottus aleuticus",2,0.00341296928327645
"998",7,"Cottus girardi",2,0.00341296928327645
"999",7,"Cottus klamathensis",2,0.00341296928327645
"1000",7,"Cottus pitensis",2,0.00341296928327645
"1001",7,"Cyprinella camura",2,0.00341296928327645
"1002",7,"Cyprinella gibbsi",2,0.00341296928327645
"1003",7,"Cyprinella lepida",2,0.00341296928327645
"1004",7,"Cyprinella nivea",2,0.00341296928327645
"1005",7,"Cyprinella pyrrhomelas",2,0.00341296928327645
"1006",7,"Cyprinella zanema",2,0.00341296928327645
"1007",7,"Erimyzon sucetta",2,0.00341296928327645
"1008",7,"Etheostoma asprigene",2,0.00341296928327645
"1009",7,"Etheostoma chlorosoma",2,0.00341296928327645
"1010",7,"Etheostoma hopkinsi",2,0.00341296928327645
"1011",7,"Etheostoma jessiae",2,0.00341296928327645
"1012",7,"Etheostoma jordani",2,0.00341296928327645
"1013",7,"Etheostoma lepidum",2,0.00341296928327645
"1014",7,"Etheostoma podostemone",2,0.00341296928327645
"1015",7,"Etheostoma tallapoosae",2,0.00341296928327645
"1016",7,"Hybopsis lineapunctata",2,0.00341296928327645
"1017",7,"Ichthyomyzon castaneus",2,0.00341296928327645
"1018",7,"Ictiobus cyprinellus",2,0.00341296928327645
"1019",7,"Lepomis marginatus",2,0.00341296928327645
"1020",7,"Lethenteron appendix",2,0.00341296928327645
"1021",7,"Luxilus zonistius",2,0.00341296928327645
"1022",7,"Lythrurus bellus",2,0.00341296928327645
"1023",7,"Macrhybopsis aestivalis",2,0.00341296928327645
"1024",7,"Margariscus nachtriebi",2,0.00341296928327645
"1025",7,"Micropterus treculii",2,0.00341296928327645
"1026",7,"Morone chrysops",2,0.00341296928327645
"1027",7,"Moxostoma congestum",2,0.00341296928327645
"1028",7,"Nocomis raneyi",2,0.00341296928327645
"1029",7,"Notropis amoenus",2,0.00341296928327645
"1030",7,"Notropis atrocaudalis",2,0.00341296928327645
"1031",7,"Notropis chlorocephalus",2,0.00341296928327645
"1032",7,"Notropis cummingsae",2,0.00341296928327645
"1033",7,"Notropis greenei",2,0.00341296928327645
"1034",7,"Notropis leuciodus",2,0.00341296928327645
"1035",7,"Notropis petersoni",2,0.00341296928327645
"1036",7,"Notropis rubricroceus",2,0.00341296928327645
"1037",7,"Notropis topeka",2,0.00341296928327645
"1038",7,"Percina peltata",2,0.00341296928327645
"1039",7,"Percina phoxocephala",2,0.00341296928327645
"1040",7,"Percina smithvanizi",2,0.00341296928327645
"1041",7,"Pimephales tenellus",2,0.00341296928327645
"1042",7,"Pungitius pungitius",2,0.00341296928327645
"1043",7,"Thymallus arcticus",2,0.00341296928327645
"1044",7,"Catostomus fumeiventris",1,0.00170648464163823
"1045",7,"Cottus beldingii",1,0.00170648464163823
"1046",7,"Cottus chattahoochee",1,0.00170648464163823
"1047",7,"Cottus confusus",1,0.00170648464163823
"1048",7,"Cottus gulosus",1,0.00170648464163823
"1049",7,"Cottus sp. Clinch Sculpin",1,0.00170648464163823
"1050",7,"Dionda nigrotaeniata",1,0.00170648464163823
"1051",7,"Enneacanthus obesus",1,0.00170648464163823
"1052",7,"Erimystax dissimilis",1,0.00170648464163823
"1053",7,"Erimystax x-punctatus",1,0.00170648464163823
"1054",7,"Etheostoma camurum",1,0.00170648464163823
"1055",7,"Etheostoma chuckwachatte",1,0.00170648464163823
"1056",7,"Etheostoma ditrema",1,0.00170648464163823
"1057",7,"Etheostoma euzonum",1,0.00170648464163823
"1058",7,"Etheostoma fusiforme",1,0.00170648464163823
"1059",7,"Etheostoma lynceum",1,0.00170648464163823
"1060",7,"Etheostoma microperca",1,0.00170648464163823
"1061",7,"Etheostoma nigripinne",1,0.00170648464163823
"1062",7,"Etheostoma oophylax",1,0.00170648464163823
"1063",7,"Etheostoma parvipinne",1,0.00170648464163823
"1064",7,"Etheostoma proeliare",1,0.00170648464163823
"1065",7,"Etheostoma scotti",1,0.00170648464163823
"1066",7,"Etheostoma serrifer",1,0.00170648464163823
"1067",7,"Etheostoma trisella",1,0.00170648464163823
"1068",7,"Fundulus kansae",1,0.00170648464163823
"1069",7,"Hiodon alosoides",1,0.00170648464163823
"1070",7,"Hybognathus argyritis",1,0.00170648464163823
"1071",7,"Hybognathus hayi",1,0.00170648464163823
"1072",7,"Hybognathus nuchalis",1,0.00170648464163823
"1073",7,"Ichthyomyzon fossor",1,0.00170648464163823
"1074",7,"Luxilus zonatus",1,0.00170648464163823
"1075",7,"Lythrurus lirus",1,0.00170648464163823
"1076",7,"Lythrurus matutinus",1,0.00170648464163823
"1077",7,"Macrhybopsis storeriana",1,0.00170648464163823
"1078",7,"Meda fulgida",1,0.00170648464163823
"1079",7,"Morone americana",1,0.00170648464163823
"1080",7,"Moxostoma anisurum",1,0.00170648464163823
"1081",7,"Moxostoma breviceps",1,0.00170648464163823
"1082",7,"Moxostoma cervinum",1,0.00170648464163823
"1083",7,"Moxostoma pappillosum",1,0.00170648464163823
"1084",7,"Moxostoma valenciennesi",1,0.00170648464163823
"1085",7,"Nocomis asper",1,0.00170648464163823
"1086",7,"Notropis alborus",1,0.00170648464163823
"1087",7,"Notropis ammophilus",1,0.00170648464163823
"1088",7,"Notropis asperifrons",1,0.00170648464163823
"1089",7,"Notropis blennius",1,0.00170648464163823
"1090",7,"Notropis longirostris",1,0.00170648464163823
"1091",7,"Notropis micropteryx",1,0.00170648464163823
"1092",7,"Notropis sp. Piedmont Shiner",1,0.00170648464163823
"1093",7,"Notropis suttkusi",1,0.00170648464163823
"1094",7,"Noturus maydeni",1,0.00170648464163823
"1095",7,"Noturus miurus",1,0.00170648464163823
"1096",7,"Opsopoeodus emiliae",1,0.00170648464163823
"1097",7,"Pararhinichthys bowersi",1,0.00170648464163823
"1098",7,"Percina carbonaria",1,0.00170648464163823
"1099",7,"Percina nevisense",1,0.00170648464163823
"1100",7,"Percina pantherina",1,0.00170648464163823
"1101",7,"Poecilia latipinna",1,0.00170648464163823
"1102",7,"Poeciliopsis occidentalis",1,0.00170648464163823
"1103",7,"Pteronotropis signipinnis",1,0.00170648464163823
"1104",7,"Pteronotropis stonei",1,0.00170648464163823
"1105",7,"Salmo salar",1,0.00170648464163823
"1106",7,"Sander vitreus",1,0.00170648464163823
"1107",7,"Semotilus thoreauianus",1,0.00170648464163823
"1108",7,"Siphateles bicolor",1,0.00170648464163823
"1109",7,"Thoburnia rhothoeca",1,0.00170648464163823
